﻿Designator,Quantity,Value,Footprint,Package,MPN,DNP,Mount_Type,Sim.Device,Sim.Pins,category,category 20b3edb914a9fb74,category 2f8ae2801e7ef44d,category 3b27f62d0a3ae0e0,category 6f04a20e5eeab4c3,category 931f5e15a77d48d8,category 9e07530daf1645c0,category d77d1a77e69f0cba,category e7b12abbd6523c76,digikey description,digikey part number,ipc land pattern name,lead free,library id,manufacturer,mounting type,mouser part number,num pins,octopart part number,rohs,temperature range high,temperature range low,breakdown voltage drain to source,current rating,id continuous drain current,max breakdown voltage gate to source,min breakdown voltage gate to source,polarity,power dissipation,rds drain to source resistance on,vds drain to source voltage,voltage rating dc,Description
C1,1,10µF,C_Radial_D6.3mm_H11.0mm_P2.50mm,,,,tht,,,,,,,,,,,,,,,,,,,,,,,,,,,,,,,,,,,
D1,1,1N5819,D_DO-41_SOD81_P10.16mm_Horizontal,,,,tht,,,,,,,,,,,,,,,,,,,,,,,,,,,,,,,,,,,
D2,1,1N4007,D_DO-41_SOD81_P10.16mm_Horizontal,,,,tht,D,1=K 2=A,,,,,,,,,,,,,,,,,,,,,,,,,,,,,,,,,
J1,1,Servo,PinHeader_1x04_P2.54mm_Vertical,,,,tht,,,,,,,,,,,,,,,,,,,,,,,,,,,,,,,,,,,
J2,1,JST-XH LED,JST_XH_B2B-XH-A_1x02_P2.50mm_Vertical,,,,tht,,,,,,,,,,,,,,,,,,,,,,,,,,,,,,,,,,,
"Q1, Q2",2,IRLZ34N,TO-220-3_Vertical,TO-220,,,tht,,,Trans,Uncategorized,Uncategorized,"Discretes (diodes, transistors, thyristors ...)",Uncategorized,Uncategorized,Semiconductors and Actives,Transistors,MOSFETs,MOSFET N-CH 60V 32A TO-220,FQP30N06L-ND,TO-220,yes,4c4a158987b216aa,ON Semi,through hole,512-FQP30N06L,3,d9a510aad9290662,yes,+175°C,-55°C,60 V,32 A,32 A,20 V,-20 V,N-Channel,79 W,27 mΩ,60 V,60 V,
R1,1,220Ω,R_Axial_DIN0207_L6.3mm_D2.5mm_P10.16mm_Horizontal,,,,tht,,,,,,,,,,,,,,,,,,,,,,,,,,,,,,,,,,,
R2,1,2.2kΩ,R_Axial_DIN0207_L6.3mm_D2.5mm_P10.16mm_Horizontal,,,,tht,,,,,,,,,,,,,,,,,,,,,,,,,,,,,,,,,,,
R3,1,330Ω,R_Axial_DIN0207_L6.3mm_D2.5mm_P10.16mm_Horizontal,,,,tht,,,,,,,,,,,,,,,,,,,,,,,,,,,,,,,,,,,Resistor
R4,1,4.7kΩ,R_Axial_DIN0207_L6.3mm_D2.5mm_P10.16mm_Horizontal,,,,tht,,,,,,,,,,,,,,,,,,,,,,,,,,,,,,,,,,,Resistor
U1,1,XIAO-SAMD21-DIP,XIAO-SAMD21-DIP,,,,smt,,,,,,,,,,,,,,,,,,,,,,,,,,,,,,,,,,,
