﻿pos_x,pos_y,rotation,side,designator,mpn,pack,footprint,value,mount_type
143.0,-73.75,-90.0,top,C1,,,C_Radial_D6.3mm_H11.0mm_P2.50mm,10µF,tht
113.75,-82.58,90.0,top,D1,,,D_DO-41_SOD81_P10.16mm_Horizontal,1N5819,tht
109.0,-82.58,90.0,top,D2,,,D_DO-41_SOD81_P10.16mm_Horizontal,1N4007,tht
103.5,-72.92,0.0,top,J1,,,PinHeader_1x04_P2.54mm_Vertical,Servo,tht
146.525,-82.75,-90.0,top,J2,,,JST_XH_B2B-XH-A_1x02_P2.50mm_Vertical,JST-XH LED,tht
103.945,-93.54,90.0,top,Q1,,TO-220,TO-220-3_Vertical,IRLZ34N,tht
142.945,-97.04,90.0,top,Q2,,TO-220,TO-220-3_Vertical,IRLZ34N,tht
114.0,-96.08,90.0,top,R1,,,R_Axial_DIN0207_L6.3mm_D2.5mm_P10.16mm_Horizontal,220Ω,tht
109.0,-96.08,90.0,top,R2,,,R_Axial_DIN0207_L6.3mm_D2.5mm_P10.16mm_Horizontal,2.2kΩ,tht
126.42,-94.5,0.0,top,R3,,,R_Axial_DIN0207_L6.3mm_D2.5mm_P10.16mm_Horizontal,330Ω,tht
136.58,-99.0,180.0,top,R4,,,R_Axial_DIN0207_L6.3mm_D2.5mm_P10.16mm_Horizontal,4.7kΩ,tht
128.0,-80.5575,0.0,top,U1,,,XIAO-SAMD21-DIP,XIAO-SAMD21-DIP,smt
